Gene symbol,-Plac-#Probeset ID,-Plac-Absolute fold change,-Plac-Average expression,-Plac-B statistics,-Plac-Chromosome,-Plac-Chromosome end,-Plac-Chromosome start,-Plac-Chromosome strand,-Plac-Direction of change in preeclampsia,-Plac-Entrez ID,-Plac-Gene Name,-Plac-Log fold change,-Plac-Module colors,-Plac-P value,-Plac-Predominant placental expression,-Plac-Q value,-Plac-T statistics,-Plac-Transcription regulator,-TBDE-CHR,-TBDE-Description,-TBDE-Entrez,-TBDE-HEC gene,-TBDE-Module,-TBDE-P value ,-TBDE-PE gene,-TBDE-PPE gene,-TBDE-PROBE_ID,-TBDE-TR gene,-TBDE-log(FC),-TBDE-pFDR value,detr-mbol
ADIRF,A_23_P161439,1.63359224116784,12.2890027028648,-3.05199369937996,10,88730666,88728187,+,DOWN,10974,adipogenesis regulatory factor,-0.708047919188745,red,0.014904,0,0.14951885088182,-2.7285041070736,NO,10,adipogenesis regulatory factor,10974,NO,M4 - turquoise,1.05998594788148e-07,YES,NO,ILMN_1680110,YES,-1.9694667364378,4.96744351043708e-06,
AES,,,,,,,,,,,,,,,,,,,19,amino-terminal enhancer of split,166,NO,M5 - blue,0.00191658177635785,NO,NO,ILMN_1712944,YES,1.10089115057381,0.011839659085005,
AFF1,,,,,,,,,,,,,,,,,,,4,AF4/FMR2 family member 1,4299,NO,M5 - blue,2.2502496387258e-06,NO,YES,ILMN_2129015,YES,1.83999951642985,5.3630949722965e-05,
AKIRIN2,,,,,,,,,,,,,,,,,,,6,akirin 2,55122,NO,M1 - brown,8.9002104545521e-06,NO,NO,ILMN_2148847,YES,-1.1189331206305,0.000169891507723239,
APEX1,,,,,,,,,,,,,,,,,,,14,apurinic/apyrimidinic endodeoxyribonuclease 1,328,NO,M6 - green,4.73880086910612e-11,NO,NO,ILMN_1661886,YES,-1.24330993697449,2.19608318054408e-08,
ARID3B,,,,,,,,,,,,,,,,,,,15,AT-rich interaction domain 3B,10620,NO,M5 - blue,9.532730984720319e-06,NO,NO,ILMN_1696956,YES,-1.02542350975791,0.000168080617628065,
ARRB1,,,,,,,,,,,,,,,,,,,11,arrestin beta 1,408,NO,M5 - blue,1.33290753721026e-05,NO,NO,ILMN_1819608,YES,-1.08038097581479,0.00022537845350464,
ASCL2,,,,,,,,,,,,,,,,,,,11,achaete-scute family bHLH transcription factor 2,430,NO,M1 - brown,0.0020963361899853,NO,NO,ILMN_1723412,YES,1.36435295279395,0.0129982193147627,
ASF1B,,,,,,,,,,,,,,,,,,,19,anti-silencing function 1B histone chaperone,55723,NO,M4 - turquoise,2.34549849073554e-11,NO,NO,ILMN_1695414,YES,-1.56991094960774,7.07181924465747e-09,
ATAD2,,,,,,,,,,,,,,,,,,,8,"ATPase family, AAA domain containing 2",29028,NO,M1 - brown,7.36260412817283e-06,NO,NO,ILMN_2048700,YES,-1.10355001147349,0.000146461977986904,
ATF3,A_24_P33895,1.72906893885723,8.90795928217435,-3.4798744530384,1,212794114,212738696,+,DOWN,467,activating transcription factor 3,-0.7899953911113159,green,0.024077,0,0.182426407632193,-2.492314831279669,YES,1,activating transcription factor 3,467,NO,M4 - turquoise,1.17677855661894e-17,YES,NO,ILMN_1791346,YES,-2.13562442551178,2.94488833793891e-13,
ATF4,,,,,,,,,,,,,,,,,,,22,activating transcription factor 4,468,NO,M4 - turquoise,2.37692361546596e-11,NO,NO,ILMN_1783394,YES,-1.89463623174919,7.34352018235007e-09,
ATF5,,,,,,,,,,,,,,,,,,,19,activating transcription factor 5,22809,NO,M4 - turquoise,2.3907823530718e-05,NO,NO,ILMN_3305169,YES,-1.26683872352686,0.000375576449376158,
ATXN3,,,,,,,,,,,,,,,,,,,14,ataxin 3,4287,NO,M6 - green,1.71844620623564e-06,NO,NO,ILMN_2393497,YES,1.27770256344034,4.67436046859206e-05,
BANP,,,,,,,,,,,,,,,,,,,16,BTG3 associated nuclear protein,54971,NO,M6 - green,9.030230123567769e-06,NO,NO,ILMN_1663631,YES,1.18791872564496,0.000160498230711849,
BASP1,A_23_P213385,1.52051896109831,14.2886613687598,-1.39823132705109,5,17276935,17217749,+,UP,10409,"brain abundant, membrane attached signal protein 1",0.604563807103299,blue,0.002416,0,0.081664,3.5985315552347,NO,5,brain abundant membrane attached signal protein 1,10409,NO,M6 - green,1.06261517820281e-09,YES,NO,ILMN_1651826,YES,1.63393581842007,1.39224842065578e-07,
BCL6,A_23_P57856,3.641032452049,12.0888632420078,-0.201936751047017,3,187463513,187439164,-,UP,604,B-cell CLL/lymphoma 6,1.86434759939312,red,0.000655,0,0.057476,4.2191580941818,YES,3,B-cell CLL/lymphoma 6,604,NO,M4 - turquoise,1.8373154037798e-11,YES,NO,ILMN_1737314,YES,-2.45926200912887,5.9656958368137e-09,
BHLHE40,A_24_P268676,5.597581967431609,9.746743048185948,1.03915195404524,3,5026863,5021096,+,UP,8553,"basic helix-loop-helix family, member e40",2.48480374914152,red,0.000169,0,0.039173,4.87825371313284,YES,3,basic helix-loop-helix family member e40,8553,NO,M4 - turquoise,0.00077825241177118,YES,NO,ILMN_1768534,YES,-1.43234464778948,0.00592508871450373,
BHLHE41,,,,,,,,,,,,,,,,,,,12,basic helix-loop-helix family member e41,79365,NO,M4 - turquoise,1.17629460520786e-05,NO,NO,ILMN_1726809,YES,-1.02260040593725,0.000209663621761587,
BIRC5,,,,,,,,,,,,,,,,,,,17,baculoviral IAP repeat containing 5,332,NO,M4 - turquoise,1.68511623048689e-09,NO,NO,ILMN_2349459,YES,-1.54946279083225,1.94331952386795e-07,
BRD2,,,,,,,,,,,,,,,,,,,6,bromodomain containing 2,6046,NO,M4 - turquoise,1.20618109666789e-08,NO,NO,ILMN_1758918,YES,-1.58127760971294,9.46228274110158e-07,
BRD3,,,,,,,,,,,,,,,,,,,9,bromodomain containing 3,8019,NO,M4 - turquoise,7.69001479404479e-05,NO,NO,ILMN_1785635,YES,1.03936150793438,0.000933734207767932,
BRWD1,,,,,,,,,,,,,,,,,,,21,bromodomain and WD repeat domain containing 1,54014,NO,M6 - green,2.63217685341657e-07,NO,NO,ILMN_1673518,YES,1.66536518029301,9.905297106278161e-06,
BTG2,A_23_P62901,1.8660444315683,12.2931205668829,4.3464146889281,1,203278727,203274663,+,DOWN,7832,"BTG family, member 2",-0.899983337979645,red,4e-06,0,0.015045,-6.82227556014701,YES,1,BTG anti-proliferation factor 2,7832,NO,M4 - turquoise,7.45405847191553e-05,YES,NO,ILMN_1770085,YES,-1.31514659290644,0.000926665738994964,
CBX4,,,,,,,,,,,,,,,,,,,17,chromobox 4,8535,YES,M4 - turquoise,3.64353432461712e-10,NO,NO,ILMN_1724145,YES,-2.65903194407878,6.38270483228738e-08,
CCND1,,,,,,,,,,,,,,,,,,,11,cyclin D1,595,YES,M6 - green,2.61895996610538e-11,NO,NO,ILMN_1688480,YES,-3.57407693958719,7.620868971138049e-09,
CCNL1,,,,,,,,,,,,,,,,,,,3,cyclin L1,57018,YES,M4 - turquoise,2.18997183935048e-11,NO,NO,ILMN_2094776,YES,-2.74105492278135,6.68342015606657e-09,
CDCA7,,,,,,,,,,,,,,,,,,,2,cell division cycle associated 7,83879,YES,M5 - blue,5.14242236088744e-08,NO,NO,ILMN_1737184,YES,-2.51719411712298,2.93885220001535e-06,
CDYL,,,,,,,,,,,,,,,,,,,6,chromodomain Y-like,9425,NO,M5 - blue,8.17581144257702e-07,NO,NO,ILMN_1678075,YES,1.05949424896441,2.66872183435006e-05,
CEBPA,,,,,,,,,,,,,,,,,,,19,CCAAT/enhancer binding protein alpha,1050,NO,M8 - yellow,0.0205234095233177,NO,NO,ILMN_1715715,YES,1.00756145832615,0.0715103047722509,
CHEK2,,,,,,,,,,,,,,,,,,,22,checkpoint kinase 2,11200,NO,M4 - turquoise,2.64083928681363e-05,NO,NO,ILMN_3239785,YES,-1.92984607144219,0.000403708021701351,
CNOT6,,,,,,,,,,,,,,,,,,,5,CCR4-NOT transcription complex subunit 6,57472,NO,M4 - turquoise,2.67247207398392e-06,NO,NO,ILMN_2136177,YES,1.02554288326077,6.57606820564874e-05,
CNOT7,,,,,,,,,,,,,,,,,,,8,CCR4-NOT transcription complex subunit 7,29883,NO,M5 - blue,2.56514820592862e-07,NO,NO,ILMN_1656134,YES,1.07701998731561,9.726186947479341e-06,
COMMD8,,,,,,,,,,,,,,,,,,,4,COMM domain containing 8,54951,NO,M6 - green,4.19360439301824e-09,NO,NO,ILMN_1765644,YES,1.67907120857172,5.24724749676407e-07,
CREB1,,,,,,,,,,,,,,,,,,,2,cAMP responsive element binding protein 1,1385,NO,M4 - turquoise,4.7615602926614e-06,NO,NO,ILMN_2334242,YES,-1.23601798659095,0.00010434154669339,
CREB3L2,,,,,,,,,,,,,,,,,,,7,cAMP responsive element binding protein 3 like 2,64764,NO,M4 - turquoise,2.04922345233154e-08,NO,YES,ILMN_1751097,YES,1.27858907263106,1.41662477609383e-06,
CRY1,,,,,,,,,,,,,,,,,,,12,cryptochrome circadian clock 1,1407,NO,M4 - turquoise,0.00020300369189151,NO,NO,ILMN_2202637,YES,-1.29046401181711,0.00200164199747244,
CSRNP1,,,,,,,,,,,,,,,,,,,3,cysteine and serine rich nuclear protein 1,64651,NO,M4 - turquoise,2.59366924902324e-09,NO,NO,ILMN_1703123,YES,-1.9039288990274,2.92371950255885e-07,
CTNNB1,,,,,,,,,,,,,,,,,,,3,catenin beta 1,1499,NO,M4 - turquoise,0.000168309985954138,NO,NO,ILMN_1746396,YES,-1.16052605922792,0.00177944968251048,
CTNND1,,,,,,,,,,,,,,,,,,,11,catenin delta 1,1500,YES,M3 - magenta,6.63723319432347e-09,NO,NO,ILMN_2293511,YES,3.19132246667259,5.84847748901214e-07,
CUX1,,,,,,,,,,,,,,,,,,,7,cut like homeobox 1,1523,NO,M4 - turquoise,0.000210272336305645,NO,NO,ILMN_2278636,YES,-1.04465026696726,0.00190309772732324,
DDIT3,A_23_P21134,1.70900396822395,8.46217558940746,-1.4708232620255,12,57914300,57910372,-,DOWN,1649,DNA-damage-inducible transcript 3,-0.773155746885539,green,0.002615,0,0.083255,-3.56096771898308,YES,12,DNA damage inducible transcript 3,1649,NO,M4 - turquoise,0.00019223361325781,YES,NO,ILMN_1676984,YES,-1.84724650532184,0.00198787031891599,
DEDD2,,,,,,,,,,,,,,,,,,,19,death effector domain containing 2,162989,NO,M4 - turquoise,1.94533652553678e-05,NO,NO,ILMN_1768031,YES,-1.15653620464391,0.000318599781096584,
DLX5,,,,,,,,,,,,,,,,,,,7,distal-less homeobox 5,1749,NO,M1 - brown,1.60219524657621e-07,NO,NO,ILMN_1759598,YES,-1.86143877636615,7.12165826741912e-06,
DNMT1,,,,,,,,,,,,,,,,,,,19,DNA methyltransferase 1,1786,NO,M7 - red,1.93749590845491e-05,NO,NO,ILMN_1760201,YES,-1.83355371908405,0.000294388798476528,
DPF2,,,,,,,,,,,,,,,,,,,11,double PHD fingers 2,5977,NO,M4 - turquoise,3.65925189576599e-09,NO,NO,ILMN_1734317,YES,1.08149647720062,3.6194774186381e-07,
DYNLL1,,,,,,,,,,,,,,,,,,,12,dynein light chain LC8-type 1,8655,NO,M6 - green,8.15080894559588e-07,NO,NO,ILMN_2300186,YES,-1.77092507688071,2.66632671717042e-05,
E2F2,,,,,,,,,,,,,,,,,,,1,E2F transcription factor 2,1870,NO,M4 - turquoise,3.49139277649728e-12,NO,NO,ILMN_1777233,YES,-2.21060143141169,1.71317851434989e-09,
E2F3,,,,,,,,,,,,,,,,,,,6,E2F transcription factor 3,1871,NO,M4 - turquoise,3.46634592133685e-06,NO,NO,ILMN_1669502,YES,-1.458328571752,7.636030517733681e-05,
E2F5,,,,,,,,,,,,,,,,,,,8,E2F transcription factor 5,1875,NO,M5 - blue,7.10718724941643e-11,NO,NO,ILMN_1782551,YES,-1.28797719650312,2.69480849873706e-08,
EAF2,,,,,,,,,,,,,,,,,,,3,ELL associated factor 2,55840,NO,M4 - turquoise,6.68944975625857e-10,NO,NO,ILMN_1708798,YES,-1.33702708017052,9.67650174279599e-08,
EEF1A1,A_32_P47701,1.55970352966674,12.8860541154133,0.460812775185619,6,74230755,74225474,-,DOWN,1915,eukaryotic translation elongation factor 1 alpha 1,-0.6412718259289339,blue,0.000318,0,0.048464,-4.56817920034963,NO,6,eukaryotic translation elongation factor 1 alpha 1,1915,NO,M4 - turquoise,0.00343612821441276,YES,NO,ILMN_3251737,YES,-1.03262101338236,0.0176243305115145,
EEF1D,,,,,,,,,,,,,,,,,,,8,eukaryotic translation elongation factor 1 delta,1936,NO,M6 - green,4.64674081479645e-09,NO,NO,ILMN_2408039,YES,-1.16610584866467,4.30684032926968e-07,
EGR1,,,,,,,,,,,,,,,,,,,5,early growth response 1,1958,YES,M4 - turquoise,6.9441976922999e-12,NO,NO,ILMN_1762899,YES,-5.12057673975201,3.02060894300365e-09,
EGR2,,,,,,,,,,,,,,,,,,,10,early growth response 2,1959,NO,M4 - turquoise,1.14196316188889e-05,NO,NO,ILMN_1743199,YES,-1.35743883732791,0.000193222637770584,
EID2,,,,,,,,,,,,,,,,,,,19,EP300 interacting inhibitor of differentiation 2,163126,NO,M5 - blue,6.870246120063321e-05,NO,NO,ILMN_1704472,YES,-1.18982338435065,0.000808311749668944,
EID2B,,,,,,,,,,,,,,,,,,,19,EP300 interacting inhibitor of differentiation 2B,126272,NO,M4 - turquoise,3.26913210130229e-05,NO,NO,ILMN_2051900,YES,-1.31045148087276,0.000480702715536769,
ELF3,,,,,,,,,,,,,,,,,,,1,E74 like ETS transcription factor 3,1999,NO,M2 - pink,0.000259476250758386,NO,NO,ILMN_1769201,YES,-1.24820499473612,0.00250106144539099,
ELF5,,,,,,,,,,,,,,,,,,,11,E74 like ETS transcription factor 5,2001,NO,M4 - turquoise,1.57906719039174e-12,NO,NO,ILMN_1813270,YES,-2.49570346332201,9.76757728758921e-10,
ELK1,A_23_P171054,1.56577536863493,6.05342706098863,-2.57043627500436,X,47510003,47494920,-,DOWN,2002,"ELK1, member of ETS oncogene family",-0.646877253624024,green,0.008737,0,0.122017093242644,-2.98677810263968,YES,X,"ELK1, ETS transcription factor",2002,NO,M4 - turquoise,0.0109107801629498,YES,NO,ILMN_1654289,YES,1.49289867807166,0.0441851602120115,
ELP2,,,,,,,,,,,,,,,,,,,18,elongator acetyltransferase complex subunit 2,55250,NO,M6 - green,1.0854982622131e-08,NO,NO,ILMN_1709132,YES,1.22955171249262,8.9357217144351e-07,
EPAS1,,,,,,,,,,,,,,,,,,,2,endothelial PAS domain protein 1,2034,NO,M5 - blue,1.25932841834415e-08,NO,NO,ILMN_1704753,YES,1.82880936346478,9.87921431632049e-07,
ERBB2,,,,,,,,,,,,,,,,,,,17,erb-b2 receptor tyrosine kinase 2,2064,NO,M2 - pink,9.83730296239436e-05,NO,NO,ILMN_2352131,YES,1.00984928870422,0.00111292272438481,
ESRRG,A_23_P74900,2.47380589098283,11.2007458496689,-2.16541652635178,1,217311097,216676595,-,DOWN,2104,estrogen-related receptor gamma,-1.30673230261705,green,0.005594,1,0.105300468929876,-3.19996509768497,YES,1,estrogen related receptor gamma,2104,NO,M1 - brown,1.87305711195247e-09,YES,YES,ILMN_1804064,YES,-1.29316873683196,2.25352183781781e-07,
ETS1,,,,,,,,,,,,,,,,,,,11,"ETS proto-oncogene 1, transcription factor",2113,NO,M4 - turquoise,9.17741342744723e-06,NO,NO,ILMN_1687538,YES,-1.04282418059983,0.000172810211453624,
ETS2,,,,,,,,,,,,,,,,,,,21,"ETS proto-oncogene 2, transcription factor",2114,NO,M3 - magenta,9.01537542356503e-05,NO,NO,ILMN_1720158,YES,-1.30110763975119,0.0009830491066436381,
ETV5,,,,,,,,,,,,,,,,,,,3,ETS variant 5,2119,NO,M5 - blue,1.47978167056058e-05,NO,NO,ILMN_1739222,YES,-2.14589692880637,0.00024362852832749,
EYA2,,,,,,,,,,,,,,,,,,,20,EYA transcriptional coactivator and phosphatase 2,2139,NO,M5 - blue,1.42692095637921e-05,NO,NO,ILMN_2322996,YES,-1.95373227499732,0.000249362408752722,
EZH2,,,,,,,,,,,,,,,,,,,7,enhancer of zeste 2 polycomb repressive complex 2 subunit,2146,NO,M4 - turquoise,5.20471139607294e-08,NO,NO,ILMN_1708105,YES,-1.05948918509598,3.08644319162856e-06,
FAM120B,,,,,,,,,,,,,,,,,,,6,family with sequence similarity 120B,84498,NO,M4 - turquoise,9.53965454817458e-06,NO,NO,ILMN_1679641,YES,1.18760295180905,0.000167647370132071,
FHL2,,,,,,,,,,,,,,,,,,,2,four and a half LIM domains 2,2274,NO,M5 - blue,0.000363375643584532,NO,NO,ILMN_1668411,YES,1.17144077632123,0.00325931020813724,
FOS,,,,,,,,,,,,,,,,,,,14,"Fos proto-oncogene, AP-1 transcription factor subunit",2353,YES,M4 - turquoise,5.865596967371631e-14,NO,NO,ILMN_1669523,YES,-5.09308896678655,1.22322136757063e-10,
FOSB,,,,,,,,,,,,,,,,,,,19,"FosB proto-oncogene, AP-1 transcription factor subunit",2354,YES,M4 - turquoise,1.91822004665567e-14,NO,NO,ILMN_1751607,YES,-5.24257902459492,6.000432083444779e-11,
FOXC1,,,,,,,,,,,,,,,,,,,6,forkhead box C1,2296,YES,M7 - red,5.01212988640021e-09,NO,NO,ILMN_1738401,YES,-2.92601765164458,4.61134376496931e-07,
FOXD1,,,,,,,,,,,,,,,,,,,5,forkhead box D1,2297,NO,M4 - turquoise,2.4347844928659e-06,NO,NO,ILMN_1704418,YES,-1.33832886174876,6.16081718240335e-05,
FOXJ2,,,,,,,,,,,,,,,,,,,12,forkhead box J2,55810,NO,M1 - brown,2.89708915638569e-05,NO,NO,ILMN_1731648,YES,1.14923115474433,0.000437008174433706,
FOXK1,,,,,,,,,,,,,,,,,,,7,forkhead box K1,221937,NO,M4 - turquoise,8.75004065034379e-05,NO,NO,ILMN_2211724,YES,-1.13217009313912,0.00105629410166355,
FOXN2,,,,,,,,,,,,,,,,,,,2,forkhead box N2,3344,NO,M5 - blue,1.63396465246401e-08,NO,NO,ILMN_1736510,YES,1.81902688589777,1.20303946887392e-06,
FSTL3,,,,,,,,,,,,,,,,,,,19,follistatin like 3,10272,NO,M1 - brown,0.00242578874910384,NO,NO,ILMN_1730670,YES,1.85175508839558,0.0145815066739322,
GATA2,,,,,,,,,,,,,,,,,,,3,GATA binding protein 2,2624,NO,M5 - blue,0.0137342702105305,NO,NO,ILMN_2102670,YES,1.18245448668424,0.052059998791052,
GATA3,,,,,,,,,,,,,,,,,,,10,GATA binding protein 3,2625,NO,M5 - blue,0.000535907545568627,NO,YES,ILMN_2406656,YES,1.18457317541568,0.00406603860272977,
GLIS3,A_23_P350249,2.401241918290189,8.199747100522281,-1.85788868853686,9,4300035,3824127,-,UP,169792,GLIS family zinc finger 3,1.26378075831046,green,0.003993,0,0.09362100000000001,3.36027994887307,YES,9,GLIS family zinc finger 3,169792,NO,M1 - brown,2.86775784478627e-09,YES,NO,ILMN_2402600,YES,1.96121393784718,3.16148194122364e-07,
GMNN,,,,,,,,,,,,,,,,,,,6,"geminin, DNA replication inhibitor",51053,NO,M4 - turquoise,1.18561123349645e-07,NO,NO,ILMN_1720114,YES,-1.53449979435201,5.68389293453038e-06,
GRHL2,,,,,,,,,,,,,,,,,,,8,grainyhead like transcription factor 2,79977,NO,M4 - turquoise,0.0009120560678815861,NO,NO,ILMN_2060145,YES,1.10246616159248,0.00610109679196383,
GRHL3,,,,,,,,,,,,,,,,,,,1,grainyhead like transcription factor 3,57822,NO,M4 - turquoise,0.00114367614660921,NO,NO,ILMN_1782141,YES,-1.27677079512241,0.00732731581384932,
GTF2B,,,,,,,,,,,,,,,,,,,1,general transcription factor IIB,2959,NO,M1 - brown,4.09314042092894e-10,NO,NO,ILMN_1737857,YES,-1.5713409758839,6.60844122798366e-08,
HABP4,,,,,,,,,,,,,,,,,,,9,hyaluronan binding protein 4,22927,NO,M1 - brown,1.93800692427322e-07,NO,NO,ILMN_2107991,YES,1.18081662482395,8.47878029369532e-06,
HES1,,,,,,,,,,,,,,,,,,,3,hes family bHLH transcription factor 1,3280,YES,M4 - turquoise,5.27059570388037e-15,NO,NO,ILMN_1710284,YES,-3.34562701892189,2.4432611975634e-11,
HES2,,,,,,,,,,,,,,,,,,,1,hes family bHLH transcription factor 2,54626,YES,M7 - red,1.26401198882903e-07,NO,NO,ILMN_2094266,YES,3.35903777690356,5.35226734694524e-06,
HES6,,,,,,,,,,,,,,,,,,,2,hes family bHLH transcription factor 6,55502,NO,M4 - turquoise,1.32320168831201e-10,NO,NO,ILMN_1694268,YES,-1.15604130250942,3.17591073310439e-08,
HEY1,,,,,,,,,,,,,,,,,,,8,hes related family bHLH transcription factor with YRPW motif 1,23462,NO,M5 - blue,1.27252965170239e-06,NO,NO,ILMN_1788203,YES,-1.960979449066,3.73678346598057e-05,
HMGA1,,,,,,,,,,,,,,,,,,,6,high mobility group AT-hook 1,3159,NO,M4 - turquoise,1.50315005751829e-06,NO,NO,ILMN_2311537,YES,-1.51376722095894,3.88598452369785e-05,
HMGB1,,,,,,,,,,,,,,,,,,,13,high mobility group box 1,3146,NO,M4 - turquoise,2.75380138174567e-08,NO,NO,ILMN_3265797,YES,-1.49090399621099,1.86758481241695e-06,
HMGB2,,,,,,,,,,,,,,,,,,,4,high mobility group box 2,3148,NO,M4 - turquoise,7.34334460196536e-07,NO,NO,ILMN_1654268,YES,-1.57908585634257,2.39592175572599e-05,
HOPX,,,,,,,,,,,,,,,,,,,4,HOP homeobox,84525,YES,M4 - turquoise,1.04585016740042e-05,NO,NO,ILMN_2316236,YES,3.54862634375156,0.000180748621817649,
HSBP1,,,,,,,,,,,,,,,,,,,16,heat shock factor binding protein 1,3281,NO,M6 - green,3.43941976990918e-07,NO,NO,ILMN_1667030,YES,-1.49543687288426,1.23135164151613e-05,
ID1,,,,,,,,,,,,,,,,,,,20,"inhibitor of DNA binding 1, HLH protein",3397,NO,M6 - green,4.17897412241683e-07,NO,NO,ILMN_1664861,YES,-2.23473880037601,1.43849831380304e-05,
ID2,,,,,,,,,,,,,,,,,,,2,"inhibitor of DNA binding 2, HLH protein",3398,YES,M4 - turquoise,2.93539340147176e-06,NO,NO,ILMN_1793990,YES,-3.14646628772933,7.13229691156008e-05,
ID3,,,,,,,,,,,,,,,,,,,1,"inhibitor of DNA binding 3, HLH protein",3399,NO,M8 - yellow,0.0007724432164685501,NO,NO,ILMN_1732296,YES,-2.01624802197857,0.00534875248813654,
ING3,,,,,,,,,,,,,,,,,,,7,inhibitor of growth family member 3,54556,NO,M4 - turquoise,6.75197000234687e-06,NO,NO,ILMN_2381603,YES,-1.00372827520566,0.000137260803662657,
IRF6,,,,,,,,,,,,,,,,,,,1,interferon regulatory factor 6,3664,NO,M1 - brown,3.10450491209639e-06,NO,NO,ILMN_1725946,YES,-1.53878184037357,7.4273647634046e-05,
IRF9,,,,,,,,,,,,,,,,,,,14,interferon regulatory factor 9,10379,NO,M5 - blue,0.00194837898960226,NO,NO,ILMN_1745471,YES,2.31622727624042,0.0113154291517282,
IRX2,,,,,,,,,,,,,,,,,,,5,iroquois homeobox 2,153572,NO,M7 - red,1.08184654187887e-05,NO,NO,ILMN_1782412,NO,-1.10076237362673,0.000185814754361831,
ISL1,,,,,,,,,,,,,,,,,,,5,ISL LIM homeobox 1,3670,YES,M4 - turquoise,2.28638883657819e-09,NO,NO,ILMN_1763390,YES,-3.20072102330232,2.63672260992485e-07,
IWS1,,,,,,,,,,,,,,,,,,,2,"IWS1, SUPT6H interacting protein",55677,NO,M6 - green,2.25818609347885e-09,NO,NO,ILMN_1747241,YES,1.21926041875145,2.70388071719178e-07,
JADE1,,,,,,,,,,,,,,,,,,,4,jade family PHD finger 1,79960,NO,M5 - blue,1.28553813394694e-05,NO,NO,ILMN_1736015,YES,-1.11063435823681,0.00021974447952201,
JARID2,,,,,,,,,,,,,,,,,,,6,jumonji and AT-rich interaction domain containing 2,3720,NO,M1 - brown,1.01352904292228e-07,NO,NO,ILMN_1764177,YES,-1.48882620636866,5.17623761206734e-06,
JUN,,,,,,,,,,,,,,,,,,,1,"Jun proto-oncogene, AP-1 transcription factor subunit",3725,YES,M4 - turquoise,4.79747769262904e-15,NO,NO,ILMN_1806023,YES,-5.76957456356069,4.24241392479663e-11,
JUNB,A_23_P4821,1.547876810074,14.0007711306748,-2.515373051511729,19,12904124,12902309,+,UP,3726,jun B proto-oncogene,0.630290657162295,red,0.008222,0,0.118801137199066,3.01593844362817,YES,19,"JunB proto-oncogene, AP-1 transcription factor subunit",3726,NO,M4 - turquoise,4.78361760400699e-14,YES,NO,ILMN_2086077,YES,-1.79701937226152,7.33856734248562e-11,
KANK1,,,,,,,,,,,,,,,,,,,9,KN motif and ankyrin repeat domains 1,23189,NO,M4 - turquoise,1.24936192249986e-06,NO,NO,ILMN_3244019,YES,-1.28841080056554,3.63127550645285e-05,
KAT2A,,,,,,,,,,,,,,,,,,,17,lysine acetyltransferase 2A,2648,NO,M8 - yellow,8.57997476464519e-08,NO,NO,ILMN_1782247,YES,-1.5813013795296,4.95874984954378e-06,
KLF10,,,,,,,,,,,,,,,,,,,8,Kruppel like factor 10,7071,NO,M4 - turquoise,4.5681102754536e-06,NO,NO,ILMN_1659122,YES,-1.97097761805489,0.000100897581326766,
KLF2,,,,,,,,,,,,,,,,,,,19,Kruppel like factor 2,10365,YES,M4 - turquoise,4.73054534007884e-06,NO,NO,ILMN_1735930,YES,-2.53572430416077,9.711394350736089e-05,
KLF4,A_32_P213543,1.52768975474713,5.47510990946033,1.41637938911421,9,110252047,110247134,-,UP,9314,Kruppel-like factor 4 (gut),0.611351588705326,red,0.000111,0,0.035221,5.08400764166735,YES,9,Kruppel like factor 4,9314,YES,M4 - turquoise,9.798675790543471e-07,YES,NO,ILMN_1779857,YES,-2.79585239825403,2.97157764781069e-05,
KLF6,A_24_P932981,1.59607014309602,6.13879085196232,-3.402096538947109,10,3827473,3818188,-,DOWN,1316,Kruppel-like factor 6,-0.674524055616096,blue,0.022057,0,0.175448673235921,-2.53584627172849,YES,10,Kruppel like factor 6,1316,NO,M4 - turquoise,4.17468856215746e-05,YES,NO,ILMN_1737406,YES,-2.34437689095364,0.000537128952534656,
KMT5B,,,,,,,,,,,,,,,,,,,11,lysine methyltransferase 5B,51111,NO,M6 - green,3.99493639134962e-06,NO,NO,ILMN_1669598,YES,1.11681519502616,8.49123084056337e-05,
LBH,A_23_P120227,2.551362698558509,10.5676110876035,-0.223209848439962,2,30482899,30454396,+,UP,81606,limb bud and heart development homolog (mouse),1.35126800525818,green,0.000671,0,0.057476,4.20804223010926,YES,2,limb bud and heart development,81606,NO,M4 - turquoise,0.000547050976695519,YES,NO,ILMN_2315979,YES,-1.29024528572603,0.00439908441253386,
LMCD1,,,,,,,,,,,,,,,,,,,3,LIM and cysteine rich domains 1,29995,NO,M4 - turquoise,8.412605182440439e-06,NO,NO,ILMN_1754969,YES,-1.85139074209958,0.000152695221090018,
LMO2,,,,,,,,,,,,,,,,,,,11,LIM domain only 2,4005,NO,M4 - turquoise,1.5569050249286e-06,NO,NO,ILMN_1800078,YES,1.31919227987165,4.29565030306925e-05,
MAFB,,,,,,,,,,,,,,,,,,,20,MAF bZIP transcription factor B,9935,NO,M4 - turquoise,3.95457629953717e-10,NO,NO,ILMN_1764709,YES,-1.71829046502323,6.42618648674791e-08,
MAFF,,,,,,,,,,,,,,,,,,,22,MAF bZIP transcription factor F,23764,NO,M1 - brown,4.56948314789707e-05,NO,YES,ILMN_2322375,YES,-1.2301551237024,0.000628303932835847,
MAPK13,,,,,,,,,,,,,,,,,,,6,mitogen-activated protein kinase 13,5603,NO,M8 - yellow,7.61196268556294e-05,NO,NO,ILMN_1749327,YES,-1.3003670675747,0.0008762160359071409,
MBD2,,,,,,,,,,,,,,,,,,,18,methyl-CpG binding domain protein 2,8932,NO,M1 - brown,0.000667042184166181,NO,NO,ILMN_1717195,YES,-1.5994688825662,0.00523119105570626,
MCTS1,,,,,,,,,,,,,,,,,,,X,"MCTS1, re-initiation and release factor",28985,NO,M4 - turquoise,2.72801705740583e-05,NO,NO,ILMN_1751816,YES,1.00178821912601,0.00038526313127303,
MLLT1,A_24_P418126,2.00469063548337,8.518918077583001,-3.52902456954918,19,6279959,6210392,-,DOWN,4298,"myeloid/lymphoid or mixed-lineage leukemia (trithorax homolog, Drosophila); translocated to, 1",-1.00337961668508,green,0.025451,0,0.186475533818504,-2.46464843177939,YES,19,"MLLT1, super elongation complex subunit",4298,NO,M1 - brown,6.63395444128464e-09,YES,NO,ILMN_1706590,YES,-1.91564132961927,5.98847549619405e-07,
MSX1,A_24_P345837,1.61218145979794,7.595031662607238,-3.31649238959617,4,4865658,4861391,+,DOWN,4487,msh homeobox 1,-0.689014136184145,red,0.020034,0,0.167889888552804,-2.58342633086168,YES,4,msh homeobox 1,4487,NO,M4 - turquoise,0.0089625443725793,YES,NO,ILMN_1777397,YES,-1.29797172122822,0.0378992350327471,
MSX2,,,,,,,,,,,,,,,,,,,5,msh homeobox 2,4488,NO,M2 - pink,6.01735379318902e-05,NO,NO,ILMN_1766951,YES,-1.06071607128201,0.000763999384447262,
MXD1,A_23_P408094,1.72989449404025,9.823282849365699,-1.67354220668869,2,70170074,70142202,+,UP,4084,MAX dimerization protein 1,0.790684050829316,red,0.003263,0,0.088246,3.45596706493957,YES,2,MAX dimerization protein 1,4084,NO,M4 - turquoise,4.09471596449739e-06,YES,NO,ILMN_2214678,YES,-2.08062455696276,9.30701789387349e-05,
MXD4,,,,,,,,,,,,,,,,,,,4,MAX dimerization protein 4,10608,NO,M8 - yellow,0.000533141505960947,NO,NO,ILMN_1756541,YES,-1.64193363274002,0.00405345575939737,
MYC,,,,,,,,,,,,,,,,,,,8,v-myc avian myelocytomatosis viral oncogene homolog,4609,NO,M4 - turquoise,1.3693006218242e-06,NO,NO,ILMN_1680618,YES,-2.25359319319219,3.60702611170005e-05,
NCOR2,,,,,,,,,,,,,,,,,,,12,nuclear receptor corepressor 2,9612,NO,M1 - brown,0.000157787548025907,NO,NO,ILMN_2340052,YES,1.07896308665517,0.00169396541799585,
NFAT5,,,,,,,,,,,,,,,,,,,16,nuclear factor of activated T-cells 5,10725,NO,M4 - turquoise,1.25436617475859e-06,NO,NO,ILMN_1797594,YES,-1.03910692051539,3.34297268619102e-05,
NFE2L3,,,,,,,,,,,,,,,,,,,7,"nuclear factor, erythroid 2 like 3",9603,NO,M4 - turquoise,6.09770056947859e-13,NO,NO,ILMN_2049766,YES,-2.19392550172127,5.26189506038627e-10,
NFIB,,,,,,,,,,,,,,,,,,,9,nuclear factor I B,4781,NO,M5 - blue,5.46231609537147e-11,NO,NO,ILMN_1778991,YES,-1.55243399065646,1.60817012101966e-08,
NFKBIZ,,,,,,,,,,,,,,,,,,,3,NFKB inhibitor zeta,64332,YES,M4 - turquoise,8.77680635339315e-11,NO,NO,ILMN_1719695,YES,-3.77728363027095,2.09180551422537e-08,
NOTCH3,,,,,,,,,,,,,,,,,,,19,notch 3,4854,NO,M7 - red,8.289386893182839e-05,NO,NO,ILMN_1658926,YES,-1.37073366553081,0.00091862842237655,
NR4A2,,,,,,,,,,,,,,,,,,,2,nuclear receptor subfamily 4 group A member 2,4929,NO,M4 - turquoise,5.5133655412535e-15,NO,NO,ILMN_1782305,YES,-2.29495476368488,2.75943945339738e-11,
NRBF2,,,,,,,,,,,,,,,,,,,10,nuclear receptor binding factor 2,29982,NO,M6 - green,4.9680483825503e-09,NO,NO,ILMN_3237385,YES,1.52330827224723,6.06465418406445e-07,
NUPR1,,,,,,,,,,,,,,,,,,,16,"nuclear protein 1, transcriptional regulator",26471,YES,M6 - green,1.52426199579055e-08,NO,NO,ILMN_2404688,YES,3.69985160367342,1.13864646103458e-06,
OSR2,,,,,,,,,,,,,,,,,,,8,odd-skipped related transciption factor 2,116039,NO,M4 - turquoise,7.48269876029582e-05,NO,NO,ILMN_1737715,YES,-1.14627084209036,0.000849226922795478,
OVOL1,,,,,,,,,,,,,,,,,,,11,ovo like transcriptional repressor 1,5017,NO,M4 - turquoise,0.0023443882026117,NO,NO,ILMN_1692936,YES,-1.19156118747493,0.0141916581447406,
PARP1,,,,,,,,,,,,,,,,,,,1,poly(ADP-ribose) polymerase 1,142,NO,M5 - blue,7.680756539469821e-09,NO,NO,ILMN_1686871,YES,-2.47249020336348,8.35699706087966e-07,
PAWR,,,,,,,,,,,,,,,,,,,12,pro-apoptotic WT1 regulator,5074,NO,M6 - green,0.00022163222785884,NO,NO,ILMN_1806907,YES,1.40916479094365,0.00203610370857836,
PBX1,,,,,,,,,,,,,,,,,,,1,PBX homeobox 1,5087,NO,M1 - brown,8.0061766251357e-08,NO,NO,ILMN_1784678,YES,-1.00602273827665,4.20030545165662e-06,
PEG3,,,,,,,,,,,,,,,,,,,19,paternally expressed 3,5178,NO,M5 - blue,0.008544273172290701,NO,NO,ILMN_1675331,YES,-2.11973744770893,0.0384638309294072,
PHTF1,,,,,,,,,,,,,,,,,,,1,putative homeodomain transcription factor 1,10745,NO,M5 - blue,5.71904911418062e-06,NO,NO,ILMN_1803464,YES,-1.10235133804707,0.000112074552922764,
PITX1,,,,,,,,,,,,,,,,,,,5,paired like homeodomain 1,5307,NO,M1 - brown,0.000372846204179263,NO,NO,ILMN_1674386,YES,1.28342835281764,0.00332400294249592,
PNRC2,,,,,,,,,,,,,,,,,,,1,proline rich nuclear receptor coactivator 2,55629,NO,M4 - turquoise,4.60211745993566e-08,NO,NO,ILMN_2147306,YES,-1.11600427759599,2.71622616591722e-06,
PRMT6,,,,,,,,,,,,,,,,,,,1,protein arginine methyltransferase 6,55170,NO,M4 - turquoise,4.5011460614402e-06,NO,NO,ILMN_2234229,YES,1.20329865252935,9.30739102263852e-05,
PSIP1,,,,,,,,,,,,,,,,,,,9,PC4 and SFRS1 interacting protein 1,11168,NO,M8 - yellow,6.37039492074232e-06,NO,NO,ILMN_1788701,YES,-1.23849893927504,0.000129820140791186,
PTRF,,,,,,,,,,,,,,,,,,,17,polymerase I and transcript release factor,284119,NO,M5 - blue,0.000209284581689961,NO,NO,ILMN_1757552,YES,-1.64808399705782,0.00189484321881015,
PTTG1,,,,,,,,,,,,,,,,,,,5,pituitary tumor-transforming 1,9232,YES,M4 - turquoise,6.9232993205261e-13,NO,NO,ILMN_2042771,YES,-3.56384428792085,5.58888920955373e-10,
RBBP4,,,,,,,,,,,,,,,,,,,1,"RB binding protein 4, chromatin remodeling factor",5928,NO,M6 - green,5.51860020026689e-07,NO,NO,ILMN_3251085,YES,-1.03142554597571,1.73736510297505e-05,
RBBP7,,,,,,,,,,,,,,,,,,,X,"RB binding protein 7, chromatin remodeling factor",5931,NO,M1 - brown,0.000100931189632905,NO,NO,ILMN_1770053,YES,-1.29273797591671,0.00115175696332123,
RBM39,,,,,,,,,,,,,,,,,,,20,RNA binding motif protein 39,9584,NO,M4 - turquoise,1.35409724346081e-07,NO,NO,ILMN_2411963,YES,-1.26389280047747,6.32206782044903e-06,
RCAN1,,,,,,,,,,,,,,,,,,,21,regulator of calcineurin 1,1827,NO,M8 - yellow,0.00188671724279542,NO,NO,ILMN_2367239,YES,1.43311636784311,0.0108270466910188,
RFX5,,,,,,,,,,,,,,,,,,,1,regulatory factor X5,5993,NO,M6 - green,2.83971978928845e-06,NO,NO,ILMN_1741200,YES,-1.52250797277522,6.549676288197561e-05,
RNF10,,,,,,,,,,,,,,,,,,,12,ring finger protein 10,9921,NO,M4 - turquoise,1.63653475174375e-06,NO,NO,ILMN_1697529,YES,-1.02179455847366,4.14937002658433e-05,
RNF14,,,,,,,,,,,,,,,,,,,5,ring finger protein 14,9604,NO,M5 - blue,1.93792411568694e-08,NO,NO,ILMN_2351241,YES,1.13074134668277,1.66084078750225e-06,
SCAND1,,,,,,,,,,,,,,,,,,,20,SCAN domain containing 1,51282,NO,M8 - yellow,2.10429777726273e-06,NO,NO,ILMN_1795317,YES,1.06797436692948,5.48542207041666e-05,
SERTAD1,,,,,,,,,,,,,,,,,,,19,SERTA domain containing 1,29950,NO,M4 - turquoise,1.42918163936285e-11,NO,NO,ILMN_1794017,YES,-2.27143139022184,5.33810007836646e-09,
SIAH2,,,,,,,,,,,,,,,,,,,3,siah E3 ubiquitin protein ligase 2,6478,NO,M1 - brown,0.000176205227562815,NO,NO,ILMN_1801313,YES,-1.017742286651,0.00184886197893478,
SIN3B,,,,,,,,,,,,,,,,,,,19,SIN3 transcription regulator family member B,23309,NO,M6 - green,6.85736793925481e-07,NO,NO,ILMN_1788315,YES,1.0111725459938,2.13439841641607e-05,
SIRT1,,,,,,,,,,,,,,,,,,,10,sirtuin 1,23411,NO,M4 - turquoise,0.000176989292686123,NO,NO,ILMN_1739083,YES,-1.10728990455973,0.00185475588336275,
SIX4,,,,,,,,,,,,,,,,,,,14,SIX homeobox 4,51804,NO,M5 - blue,8.357039612040781e-08,NO,NO,ILMN_1743402,YES,-1.64970515020367,4.89302220901755e-06,
SMARCA1,,,,,,,,,,,,,,,,,,,X,"SWI/SNF related, matrix associated, actin dependent regulator of chromatin, subfamily a, member 1",6594,NO,M5 - blue,7.02858118751948e-09,NO,NO,ILMN_2376263,YES,-1.37628782133127,7.916292578865761e-07,
SMARCA2,,,,,,,,,,,,,,,,,,,9,"SWI/SNF related, matrix associated, actin dependent regulator of chromatin, subfamily a, member 2",6595,NO,M5 - blue,5.55299520742345e-09,NO,NO,ILMN_1791702,YES,-1.88744392803884,6.68094735893134e-07,
SND1,,,,,,,,,,,,,,,,,,,7,staphylococcal nuclease and tudor domain containing 1,27044,NO,M1 - brown,3.9870733841846e-05,NO,NO,ILMN_1775111,YES,-1.0375163499316,0.0005656264820817441,
SOX13,,,,,,,,,,,,,,,,,,,1,SRY-box 13,9580,NO,M1 - brown,8.00999907669202e-07,NO,NO,ILMN_1683755,YES,1.02476498130195,2.54380425508106e-05,
SP110,,,,,,,,,,,,,,,,,,,2,SP110 nuclear body protein,3431,NO,M5 - blue,0.0028756211798625,NO,NO,ILMN_1731418,YES,1.17031937541504,0.0153423212379702,
SRF,,,,,,,,,,,,,,,,,,,6,serum response factor,6722,NO,M4 - turquoise,5.41416485549482e-08,NO,NO,ILMN_1803398,YES,-1.2592273977592,2.9582854914576e-06,
SRRT,,,,,,,,,,,,,,,,,,,7,"serrate, RNA effector molecule",51593,NO,M5 - blue,2.24315377095694e-08,NO,NO,ILMN_2358202,YES,-1.01589456346661,1.84048928256385e-06,
SRSF2,,,,,,,,,,,,,,,,,,,17,serine and arginine rich splicing factor 2,6427,NO,M4 - turquoise,2.64847565204435e-07,NO,NO,ILMN_1696407,YES,-1.37448757570537,9.68978116848097e-06,
STAT1,,,,,,,,,,,,,,,,,,,2,signal transducer and activator of transcription 1,6772,YES,M5 - blue,7.04703634798927e-08,NO,NO,ILMN_1691364,YES,2.91746598786073,3.76017237971069e-06,
STAT3,,,,,,,,,,,,,,,,,,,17,signal transducer and activator of transcription 3,6774,NO,M9 - black,3.18926822323101e-08,NO,NO,ILMN_1663618,YES,1.08888475260805,2.40395895440832e-06,
STAT4,,,,,,,,,,,,,,,,,,,2,signal transducer and activator of transcription 4,6775,YES,M4 - turquoise,3.19842113850636e-09,NO,NO,ILMN_1785202,YES,2.51321844289659,3.48002126048355e-07,
TAF4B,,,,,,,,,,,,,,,,,,,18,TATA-box binding protein associated factor 4b,6875,NO,M4 - turquoise,7.763020032401431e-06,NO,NO,ILMN_1771949,YES,-1.15910136037325,0.000153572787597506,
TAF5L,,,,,,,,,,,,,,,,,,,1,TATA-box binding protein associated factor 5 like,27097,NO,M5 - blue,0.000596301351647423,NO,NO,ILMN_2252813,YES,1.12647611951631,0.00465018427079363,
TBL1X,,,,,,,,,,,,,,,,,,,X,transducin beta like 1X-linked,6907,NO,M7 - red,0.000197455371976009,NO,NO,ILMN_1744795,YES,-1.35563657390364,0.00181547458494805,
TBX3,A_23_P383819,1.79228417672435,11.4698546911081,-3.50195765719078,12,115121969,115108058,-,DOWN,6926,T-box 3,-0.841799402935077,blue,0.024684,0,0.184247835554878,-2.47989984312574,YES,12,T-box 3,6926,NO,M6 - green,1.8274102503054e-07,YES,NO,ILMN_1713449,YES,1.3284472114254,7.59650191260677e-06,
TCEA1,,,,,,,,,,,,,,,,,,,8,transcription elongation factor A1,6917,NO,M4 - turquoise,8.97739268446278e-05,NO,NO,ILMN_2357770,YES,1.07415433197135,0.000979334140927119,
TCEAL8,,,,,,,,,,,,,,,,,,,X,transcription elongation factor A like 8,90843,NO,M3 - magenta,0.000129017303796296,NO,NO,ILMN_1670561,YES,1.00598800878001,0.00129717076235529,
TCEB2,,,,,,,,,,,,,,,,,,,16,transcription elongation factor B subunit 2,6923,NO,M7 - red,6.36018607664975e-08,NO,NO,ILMN_2377185,YES,-1.14558561374555,3.31590951183667e-06,
TCF12,,,,,,,,,,,,,,,,,,,15,transcription factor 12,6938,NO,M5 - blue,6.352769201259329e-08,NO,NO,ILMN_2314007,YES,1.02980066261754,3.51721347923705e-06,
TIMELESS,,,,,,,,,,,,,,,,,,,12,timeless circadian clock,8914,NO,M4 - turquoise,8.63773691203632e-08,NO,NO,ILMN_1735093,YES,-1.18376429662745,4.34523908379053e-06,
TLE2,,,,,,,,,,,,,,,,,,,19,transducin like enhancer of split 2,7089,NO,M1 - brown,0.000200545311848226,NO,NO,ILMN_1814917,YES,1.16473861075096,0.0019836547150205,
TOB1,,,,,,,,,,,,,,,,,,,17,"transducer of ERBB2, 1",10140,YES,M4 - turquoise,3.48594658301842e-13,NO,NO,ILMN_1672004,YES,-3.03674901044988,4.48864721639114e-10,
TP63,,,,,,,,,,,,,,,,,,,3,tumor protein p63,8626,NO,M5 - blue,0.000324892965521099,NO,NO,ILMN_2138801,YES,-1.71958870793353,0.00270024791171222,
TRIB3,,,,,,,,,,,,,,,,,,,20,tribbles pseudokinase 3,57761,YES,M4 - turquoise,1.92447834352761e-09,NO,NO,ILMN_1787815,YES,2.73053359081838,2.32657345636611e-07,
TRIM25,,,,,,,,,,,,,,,,,,,17,tripartite motif containing 25,7706,NO,M4 - turquoise,1.67264944682821e-06,NO,NO,ILMN_1813625,YES,1.51823280198456,4.5846716765472e-05,
TSC22D1,,,,,,,,,,,,,,,,,,,13,TSC22 domain family member 1,8848,NO,M1 - brown,0.000436869507503276,NO,NO,ILMN_1692177,YES,-1.35067408690276,0.00370473040503879,
TSC22D2,,,,,,,,,,,,,,,,,,,3,TSC22 domain family member 2,9819,NO,M4 - turquoise,1.30611721820524e-05,NO,NO,ILMN_2124187,YES,-1.10012402596382,0.000233802456263133,
TSPYL2,,,,,,,,,,,,,,,,,,,X,TSPY like 2,64061,NO,M4 - turquoise,2.1592998044631e-06,NO,NO,ILMN_1657554,YES,-1.51434680184066,5.55930839574991e-05,
UBE2L3,,,,,,,,,,,,,,,,,,,22,ubiquitin conjugating enzyme E2 L3,7332,NO,M8 - yellow,0.000946040510635434,NO,NO,ILMN_1677877,YES,-1.04264853189298,0.00628642160877635,
UHRF1,,,,,,,,,,,,,,,,,,,19,ubiquitin like with PHD and ring finger domains 1,29128,NO,M4 - turquoise,7.23360433812549e-07,NO,NO,ILMN_1786065,YES,-1.52889957727836,2.13216664972427e-05,
UXT,,,,,,,,,,,,,,,,,,,X,ubiquitously expressed prefoldin like chaperone,8409,NO,M7 - red,8.43271671964458e-08,NO,NO,ILMN_1671314,YES,1.28795429761189,4.035568381797e-06,
VEZF1,,,,,,,,,,,,,,,,,,,17,vascular endothelial zinc finger 1,7716,NO,M1 - brown,2.45640604224676e-06,NO,NO,ILMN_1705310,YES,1.1806937800894,6.153309430152671e-05,
VGLL3,,,,,,,,,,,,,,,,,,,3,vestigial like family member 3,389136,NO,M1 - brown,8.48177680071746e-06,NO,YES,ILMN_1714586,YES,1.15839799710747,0.000163523288487411,
WASL,,,,,,,,,,,,,,,,,,,7,Wiskott-Aldrich syndrome like,8976,NO,M5 - blue,6.019200713986781e-07,NO,NO,ILMN_1666004,YES,1.10376136495888,2.11122422194782e-05,
WNT5A,,,,,,,,,,,,,,,,,,,3,Wnt family member 5A,7474,NO,M5 - blue,1.62003327668867e-06,NO,NO,ILMN_1800317,YES,1.14007274501601,4.51965805452999e-05,
WWC1,,,,,,,,,,,,,,,,,,,5,WW and C2 domain containing 1,23286,NO,M8 - yellow,6.0632063758226e-09,NO,NO,ILMN_1658619,YES,1.49213788380933,7.12355584765073e-07,
YBX3,,,,,,,,,,,,,,,,,,,12,Y-box binding protein 3,8531,NO,M4 - turquoise,1.88217697785907e-05,NO,NO,ILMN_1706434,YES,-1.1453252397936,0.000287029121699715,
ZBTB42,,,,,,,,,,,,,,,,,,,14,zinc finger and BTB domain containing 42,100128927,NO,M1 - brown,1.69678961224953e-06,NO,NO,ILMN_3239445,YES,1.01262444963522,4.63055180442144e-05,
ZBTB43,,,,,,,,,,,,,,,,,,,9,zinc finger and BTB domain containing 43,23099,NO,M4 - turquoise,0.000232640045497161,NO,NO,ILMN_1731113,YES,-1.28234112629422,0.00229929586831219,
ZHX1,,,,,,,,,,,,,,,,,,,8,zinc fingers and homeoboxes 1,11244,NO,M4 - turquoise,7.639121771686771e-08,NO,NO,ILMN_1742074,YES,1.18185323732729,3.76316973103271e-06,
ZNF14,,,,,,,,,,,,,,,,,,,19,zinc finger protein 14,7561,NO,M4 - turquoise,1.72902260749663e-06,NO,NO,ILMN_1692145,YES,-1.41269584817135,4.70312942963079e-05,
ZNF165,,,,,,,,,,,,,,,,,,,6,zinc finger protein 165,7718,YES,M4 - turquoise,6.00140082305151e-07,NO,NO,ILMN_1806502,YES,-2.66251506470988,2.029527778336e-05,
ZNF274,,,,,,,,,,,,,,,,,,,19,zinc finger protein 274,10782,NO,M4 - turquoise,2.49933137796842e-06,NO,NO,ILMN_1688629,YES,1.14188648833561,6.28600680740298e-05,
ZNF358,,,,,,,,,,,,,,,,,,,19,zinc finger protein 358,140467,NO,M8 - yellow,1.44481996376409e-06,NO,NO,ILMN_1662340,YES,1.1444348120391,4.03533700816922e-05,
ZNF394,,,,,,,,,,,,,,,,,,,7,zinc finger protein 394,84124,NO,M4 - turquoise,0.00030420928047943,NO,NO,ILMN_2115949,YES,-1.09622043426432,0.00273057289956877,
ZNF395,,,,,,,,,,,,,,,,,,,8,zinc finger protein 395,55893,NO,M8 - yellow,1.31841105048449e-05,NO,NO,ILMN_1772876,YES,-1.32917076018914,0.00022383471192927,
ZNF451,,,,,,,,,,,,,,,,,,,6,zinc finger protein 451,26036,NO,M5 - blue,8.343730458626061e-09,NO,NO,ILMN_1706734,YES,-1.18932244494227,8.77318717340828e-07,
ZNF546,,,,,,,,,,,,,,,,,,,19,zinc finger protein 546,339327,NO,M4 - turquoise,3.52646134991567e-05,NO,NO,ILMN_3255792,YES,-1.0035425262393,0.000509230786391458,
ZNF549,,,,,,,,,,,,,,,,,,,19,zinc finger protein 549,256051,NO,M4 - turquoise,3.84803581605037e-05,NO,NO,ILMN_2227495,YES,-1.04098773774501,0.000541603466235436,
ZNF551,,,,,,,,,,,,,,,,,,,19,zinc finger protein 551,90233,NO,M4 - turquoise,1.43359962852951e-07,NO,NO,ILMN_3298410,YES,-1.02243442364377,6.66837001932174e-06,
ZNF652,A_23_P55256,1.77471510228847,9.28986841182283,-3.0091032512486,17,47439835,47366568,-,DOWN,22834,zinc finger protein 652,-0.827587445178057,red,0.014208,0,0.146994006232572,-2.751785071684929,YES,17,zinc finger protein 652,22834,NO,M4 - turquoise,5.70293609130672e-05,YES,NO,ILMN_2155322,YES,-1.22811310309537,0.000740612224623511,
ZNF682,,,,,,,,,,,,,,,,,,,19,zinc finger protein 682,91120,NO,M4 - turquoise,2.49204117845238e-07,NO,NO,ILMN_2313889,YES,-1.91155479327457,1.04461190101794e-05,
ZNF701,,,,,,,,,,,,,,,,,,,19,zinc finger protein 701,55762,NO,M4 - turquoise,0.0016133797824804,NO,NO,ILMN_1743067,YES,-1.49827662307721,0.010533480056502,
ZNF750,,,,,,,,,,,,,,,,,,,17,zinc finger protein 750,79755,NO,M4 - turquoise,1.01428729574853e-08,NO,NO,ILMN_1700583,YES,-2.14945199504337,8.3770757676921e-07,
ZNF814,,,,,,,,,,,,,,,,,,,19,zinc finger protein 814,730051,NO,M4 - turquoise,1.26711026071169e-05,NO,NO,ILMN_1724052,YES,1.07709858668857,0.000226617530180131,
